-- MySQL dump 10.13  Distrib 8.0.33, for Linux (x86_64)
--
-- Host: localhost    Database: grupo5
-- ------------------------------------------------------
-- Server version	8.0.33-0ubuntu0.22.04.2

/*!40101 SET @OLD_CHARACTER_SET_CLIENT=@@CHARACTER_SET_CLIENT */;
/*!40101 SET @OLD_CHARACTER_SET_RESULTS=@@CHARACTER_SET_RESULTS */;
/*!40101 SET @OLD_COLLATION_CONNECTION=@@COLLATION_CONNECTION */;
/*!50503 SET NAMES utf8mb4 */;
/*!40103 SET @OLD_TIME_ZONE=@@TIME_ZONE */;
/*!40103 SET TIME_ZONE='+00:00' */;
/*!40014 SET @OLD_UNIQUE_CHECKS=@@UNIQUE_CHECKS, UNIQUE_CHECKS=0 */;
/*!40014 SET @OLD_FOREIGN_KEY_CHECKS=@@FOREIGN_KEY_CHECKS, FOREIGN_KEY_CHECKS=0 */;
/*!40101 SET @OLD_SQL_MODE=@@SQL_MODE, SQL_MODE='NO_AUTO_VALUE_ON_ZERO' */;
/*!40111 SET @OLD_SQL_NOTES=@@SQL_NOTES, SQL_NOTES=0 */;

--
-- Current Database: `grupo5`
--

CREATE DATABASE /*!32312 IF NOT EXISTS*/ `grupo5` /*!40100 DEFAULT CHARACTER SET utf8mb4 COLLATE utf8mb4_0900_ai_ci */ /*!80016 DEFAULT ENCRYPTION='N' */;

USE `grupo5`;

--
-- Table structure for table `configuracion`
--

DROP TABLE IF EXISTS `configuracion`;
/*!40101 SET @saved_cs_client     = @@character_set_client */;
/*!50503 SET character_set_client = utf8mb4 */;
CREATE TABLE `configuracion` (
  `id` int NOT NULL AUTO_INCREMENT,
  `elementos_por_pagina` int DEFAULT NULL,
  `tema_publico` varchar(20) DEFAULT NULL,
  `tema_privado` varchar(20) DEFAULT NULL,
  `criterio_de_ordenacion` varchar(50) DEFAULT NULL,
  PRIMARY KEY (`id`)
) ENGINE=InnoDB AUTO_INCREMENT=2 DEFAULT CHARSET=utf8mb4 COLLATE=utf8mb4_0900_ai_ci;
/*!40101 SET character_set_client = @saved_cs_client */;

--
-- Dumping data for table `configuracion`
--

LOCK TABLES `configuracion` WRITE;
/*!40000 ALTER TABLE `configuracion` DISABLE KEYS */;
INSERT INTO `configuracion` VALUES (1,6,'blue','blue','asc');
/*!40000 ALTER TABLE `configuracion` ENABLE KEYS */;
UNLOCK TABLES;

--
-- Table structure for table `evacuation_route`
--

DROP TABLE IF EXISTS `evacuation_route`;
/*!40101 SET @saved_cs_client     = @@character_set_client */;
/*!50503 SET character_set_client = utf8mb4 */;
CREATE TABLE `evacuation_route` (
  `id` int NOT NULL AUTO_INCREMENT,
  `name` varchar(50) DEFAULT NULL,
  `description` varchar(50) DEFAULT NULL,
  `state` int DEFAULT NULL,
  `updated_at` datetime DEFAULT NULL,
  `created_at` datetime DEFAULT CURRENT_TIMESTAMP,
  PRIMARY KEY (`id`),
  UNIQUE KEY `name` (`name`)
) ENGINE=InnoDB AUTO_INCREMENT=2 DEFAULT CHARSET=utf8mb4 COLLATE=utf8mb4_0900_ai_ci;
/*!40101 SET character_set_client = @saved_cs_client */;

--
-- Dumping data for table `evacuation_route`
--

LOCK TABLES `evacuation_route` WRITE;
/*!40000 ALTER TABLE `evacuation_route` DISABLE KEYS */;
INSERT INTO `evacuation_route` VALUES (1,'recorrido 1','rapidisimo',1,'2023-06-30 18:34:57','2023-06-30 18:34:17');
/*!40000 ALTER TABLE `evacuation_route` ENABLE KEYS */;
UNLOCK TABLES;

--
-- Table structure for table `evacuation_route_coordinates`
--

DROP TABLE IF EXISTS `evacuation_route_coordinates`;
/*!40101 SET @saved_cs_client     = @@character_set_client */;
/*!50503 SET character_set_client = utf8mb4 */;
CREATE TABLE `evacuation_route_coordinates` (
  `id` int NOT NULL AUTO_INCREMENT,
  `latitude` varchar(50) DEFAULT NULL,
  `longitude` varchar(50) DEFAULT NULL,
  `evacuation_route_id` int DEFAULT NULL,
  PRIMARY KEY (`id`),
  KEY `evacuation_route_id` (`evacuation_route_id`),
  CONSTRAINT `evacuation_route_coordinates_ibfk_1` FOREIGN KEY (`evacuation_route_id`) REFERENCES `evacuation_route` (`id`)
) ENGINE=InnoDB AUTO_INCREMENT=13 DEFAULT CHARSET=utf8mb4 COLLATE=utf8mb4_0900_ai_ci;
/*!40101 SET character_set_client = @saved_cs_client */;

--
-- Dumping data for table `evacuation_route_coordinates`
--

LOCK TABLES `evacuation_route_coordinates` WRITE;
/*!40000 ALTER TABLE `evacuation_route_coordinates` DISABLE KEYS */;
INSERT INTO `evacuation_route_coordinates` VALUES (7,'-34.925771217816425','-57.99459457397462',1),(8,'-34.91817067852697','-57.97519683837891',1),(9,'-34.925771217816425','-57.96232223510743',1),(10,'-34.9322451960297','-57.95408248901368',1),(11,'-34.93097858831627','-57.94103622436524',1),(12,'-34.91690385354192','-57.937431335449226',1);
/*!40000 ALTER TABLE `evacuation_route_coordinates` ENABLE KEYS */;
UNLOCK TABLES;

--
-- Table structure for table `permisos`
--

DROP TABLE IF EXISTS `permisos`;
/*!40101 SET @saved_cs_client     = @@character_set_client */;
/*!50503 SET character_set_client = utf8mb4 */;
CREATE TABLE `permisos` (
  `id` int NOT NULL AUTO_INCREMENT,
  `name` varchar(30) DEFAULT NULL,
  PRIMARY KEY (`id`),
  UNIQUE KEY `name` (`name`)
) ENGINE=InnoDB AUTO_INCREMENT=29 DEFAULT CHARSET=latin1;
/*!40101 SET character_set_client = @saved_cs_client */;

--
-- Dumping data for table `permisos`
--

LOCK TABLES `permisos` WRITE;
/*!40000 ALTER TABLE `permisos` DISABLE KEYS */;
INSERT INTO `permisos` VALUES (7,'config_index'),(18,'punto_delete'),(19,'punto_edit'),(16,'punto_index'),(17,'punto_new'),(11,'report_delete'),(10,'report_edit'),(8,'report_index'),(9,'report_new'),(15,'route_delete'),(14,'route_edit'),(12,'route_index'),(13,'route_new'),(26,'tracing_new'),(27,'tracing_show'),(2,'user_deactivate'),(5,'user_edit'),(6,'user_edit_rol'),(1,'user_index'),(4,'user_new'),(24,'zone_delete'),(23,'zone_edit'),(25,'zone_import'),(20,'zone_index'),(21,'zone_new'),(22,'zone_show');
/*!40000 ALTER TABLE `permisos` ENABLE KEYS */;
UNLOCK TABLES;

--
-- Table structure for table `puntos_de_encuentro`
--

DROP TABLE IF EXISTS `puntos_de_encuentro`;
/*!40101 SET @saved_cs_client     = @@character_set_client */;
/*!50503 SET character_set_client = utf8mb4 */;
CREATE TABLE `puntos_de_encuentro` (
  `id` int NOT NULL AUTO_INCREMENT,
  `name` varchar(50) DEFAULT NULL,
  `address` varchar(50) DEFAULT NULL,
  `latitude` varchar(50) DEFAULT NULL,
  `longitude` varchar(50) DEFAULT NULL,
  `state` int DEFAULT NULL,
  `telephone` varchar(50) DEFAULT NULL,
  `email` varchar(50) DEFAULT NULL,
  `updated_at` datetime DEFAULT NULL,
  `created_at` datetime DEFAULT CURRENT_TIMESTAMP,
  PRIMARY KEY (`id`),
  UNIQUE KEY `name` (`name`),
  UNIQUE KEY `latitude` (`latitude`),
  UNIQUE KEY `longitude` (`longitude`)
) ENGINE=InnoDB AUTO_INCREMENT=3 DEFAULT CHARSET=utf8mb4 COLLATE=utf8mb4_0900_ai_ci;
/*!40101 SET character_set_client = @saved_cs_client */;

--
-- Dumping data for table `puntos_de_encuentro`
--

LOCK TABLES `puntos_de_encuentro` WRITE;
/*!40000 ALTER TABLE `puntos_de_encuentro` DISABLE KEYS */;
INSERT INTO `puntos_de_encuentro` VALUES (2,'plaza rocha','7 y 60','-34.92140803132199','-57.941207885742195',1,'12345','punto@gmail.com',NULL,'2023-06-30 18:52:03');
/*!40000 ALTER TABLE `puntos_de_encuentro` ENABLE KEYS */;
UNLOCK TABLES;

--
-- Table structure for table `reports`
--

DROP TABLE IF EXISTS `reports`;
/*!40101 SET @saved_cs_client     = @@character_set_client */;
/*!50503 SET character_set_client = utf8mb4 */;
CREATE TABLE `reports` (
  `id` int NOT NULL AUTO_INCREMENT,
  `title` varchar(50) DEFAULT NULL,
  `category` varchar(50) DEFAULT NULL,
  `description` varchar(500) DEFAULT NULL,
  `latitude` varchar(50) DEFAULT NULL,
  `longitude` varchar(50) DEFAULT NULL,
  `state` varchar(50) DEFAULT NULL,
  `complainant_telephone` varchar(50) DEFAULT NULL,
  `complainant_email` varchar(50) DEFAULT NULL,
  `complainant_name` varchar(50) DEFAULT NULL,
  `complainant_last_name` varchar(50) DEFAULT NULL,
  `closed_at` datetime DEFAULT NULL,
  `created_at` datetime DEFAULT CURRENT_TIMESTAMP,
  `user_id` int DEFAULT NULL,
  PRIMARY KEY (`id`),
  UNIQUE KEY `title` (`title`),
  UNIQUE KEY `latitude` (`latitude`),
  UNIQUE KEY `longitude` (`longitude`),
  KEY `user_id` (`user_id`),
  CONSTRAINT `reports_ibfk_1` FOREIGN KEY (`user_id`) REFERENCES `usuarios` (`id`)
) ENGINE=InnoDB AUTO_INCREMENT=3 DEFAULT CHARSET=utf8mb4 COLLATE=utf8mb4_0900_ai_ci;
/*!40101 SET character_set_client = @saved_cs_client */;

--
-- Dumping data for table `reports`
--

LOCK TABLES `reports` WRITE;
/*!40000 ALTER TABLE `reports` DISABLE KEYS */;
INSERT INTO `reports` VALUES (2,'asd','cat1','sdasdasd','-34.92401189633658','-57.963180541992195','En progreso','1234','qae@g.com','eee','qwe','2023-06-30 18:58:46','2023-06-30 18:56:28',2);
/*!40000 ALTER TABLE `reports` ENABLE KEYS */;
UNLOCK TABLES;

--
-- Table structure for table `rol_tiene_permiso`
--

DROP TABLE IF EXISTS `rol_tiene_permiso`;
/*!40101 SET @saved_cs_client     = @@character_set_client */;
/*!50503 SET character_set_client = utf8mb4 */;
CREATE TABLE `rol_tiene_permiso` (
  `rol_id` int NOT NULL,
  `permiso_id` int NOT NULL,
  PRIMARY KEY (`rol_id`,`permiso_id`),
  KEY `permiso_id` (`permiso_id`),
  CONSTRAINT `rol_tiene_permiso_ibfk_1` FOREIGN KEY (`rol_id`) REFERENCES `roles` (`id`),
  CONSTRAINT `rol_tiene_permiso_ibfk_2` FOREIGN KEY (`permiso_id`) REFERENCES `permisos` (`id`)
) ENGINE=InnoDB DEFAULT CHARSET=latin1;
/*!40101 SET character_set_client = @saved_cs_client */;

--
-- Dumping data for table `rol_tiene_permiso`
--

LOCK TABLES `rol_tiene_permiso` WRITE;
/*!40000 ALTER TABLE `rol_tiene_permiso` DISABLE KEYS */;
INSERT INTO `rol_tiene_permiso` VALUES (1,1),(2,1),(1,2),(2,2),(1,4),(2,4),(1,5),(1,6),(1,7),(1,8),(1,9),(1,10),(1,11),(1,12),(1,13),(1,14),(1,15),(1,16),(1,17),(1,18),(1,19),(1,20),(1,21),(1,22),(1,23),(1,24),(1,25),(1,26),(1,27);
/*!40000 ALTER TABLE `rol_tiene_permiso` ENABLE KEYS */;
UNLOCK TABLES;

--
-- Table structure for table `roles`
--

DROP TABLE IF EXISTS `roles`;
/*!40101 SET @saved_cs_client     = @@character_set_client */;
/*!50503 SET character_set_client = utf8mb4 */;
CREATE TABLE `roles` (
  `id` int NOT NULL AUTO_INCREMENT,
  `name` varchar(30) DEFAULT NULL,
  PRIMARY KEY (`id`),
  UNIQUE KEY `name` (`name`)
) ENGINE=InnoDB AUTO_INCREMENT=3 DEFAULT CHARSET=latin1;
/*!40101 SET character_set_client = @saved_cs_client */;

--
-- Dumping data for table `roles`
--

LOCK TABLES `roles` WRITE;
/*!40000 ALTER TABLE `roles` DISABLE KEYS */;
INSERT INTO `roles` VALUES (1,'Administrador'),(2,'Moderador');
/*!40000 ALTER TABLE `roles` ENABLE KEYS */;
UNLOCK TABLES;

--
-- Table structure for table `tracings`
--

DROP TABLE IF EXISTS `tracings`;
/*!40101 SET @saved_cs_client     = @@character_set_client */;
/*!50503 SET character_set_client = utf8mb4 */;
CREATE TABLE `tracings` (
  `id` int NOT NULL AUTO_INCREMENT,
  `description` varchar(500) DEFAULT NULL,
  `created_at` datetime DEFAULT CURRENT_TIMESTAMP,
  `author_id` int DEFAULT NULL,
  `report_id` int DEFAULT NULL,
  PRIMARY KEY (`id`),
  KEY `author_id` (`author_id`),
  KEY `report_id` (`report_id`),
  CONSTRAINT `tracings_ibfk_1` FOREIGN KEY (`author_id`) REFERENCES `usuarios` (`id`),
  CONSTRAINT `tracings_ibfk_2` FOREIGN KEY (`report_id`) REFERENCES `reports` (`id`)
) ENGINE=InnoDB AUTO_INCREMENT=2 DEFAULT CHARSET=utf8mb4 COLLATE=utf8mb4_0900_ai_ci;
/*!40101 SET character_set_client = @saved_cs_client */;

--
-- Dumping data for table `tracings`
--

LOCK TABLES `tracings` WRITE;
/*!40000 ALTER TABLE `tracings` DISABLE KEYS */;
INSERT INTO `tracings` VALUES (1,'dasdasd','2023-06-30 18:58:46',2,2);
/*!40000 ALTER TABLE `tracings` ENABLE KEYS */;
UNLOCK TABLES;

--
-- Table structure for table `usuario_tiene_rol`
--

DROP TABLE IF EXISTS `usuario_tiene_rol`;
/*!40101 SET @saved_cs_client     = @@character_set_client */;
/*!50503 SET character_set_client = utf8mb4 */;
CREATE TABLE `usuario_tiene_rol` (
  `id` int NOT NULL AUTO_INCREMENT,
  `usuario_id` int DEFAULT NULL,
  `rol_id` int DEFAULT NULL,
  PRIMARY KEY (`id`),
  KEY `usuario_id` (`usuario_id`),
  KEY `rol_id` (`rol_id`),
  CONSTRAINT `usuario_tiene_rol_ibfk_1` FOREIGN KEY (`usuario_id`) REFERENCES `usuarios` (`id`),
  CONSTRAINT `usuario_tiene_rol_ibfk_2` FOREIGN KEY (`rol_id`) REFERENCES `roles` (`id`)
) ENGINE=InnoDB AUTO_INCREMENT=7 DEFAULT CHARSET=latin1;
/*!40101 SET character_set_client = @saved_cs_client */;

--
-- Dumping data for table `usuario_tiene_rol`
--

LOCK TABLES `usuario_tiene_rol` WRITE;
/*!40000 ALTER TABLE `usuario_tiene_rol` DISABLE KEYS */;
INSERT INTO `usuario_tiene_rol` VALUES (1,2,1),(3,31,2),(4,31,1),(5,33,2);
/*!40000 ALTER TABLE `usuario_tiene_rol` ENABLE KEYS */;
UNLOCK TABLES;

--
-- Table structure for table `usuarios`
--

DROP TABLE IF EXISTS `usuarios`;
/*!40101 SET @saved_cs_client     = @@character_set_client */;
/*!50503 SET character_set_client = utf8mb4 */;
CREATE TABLE `usuarios` (
  `id` int NOT NULL AUTO_INCREMENT,
  `email` varchar(30) DEFAULT NULL,
  `username` varchar(30) DEFAULT NULL,
  `password` varchar(255) DEFAULT NULL,
  `salt` varchar(255) DEFAULT NULL,
  `activo` int DEFAULT NULL,
  `updated_at` datetime DEFAULT NULL,
  `created_at` datetime DEFAULT CURRENT_TIMESTAMP,
  `first_name` varchar(30) DEFAULT NULL,
  `last_name` varchar(30) DEFAULT NULL,
  PRIMARY KEY (`id`),
  UNIQUE KEY `email` (`email`),
  UNIQUE KEY `username` (`username`)
) ENGINE=InnoDB AUTO_INCREMENT=34 DEFAULT CHARSET=latin1;
/*!40101 SET character_set_client = @saved_cs_client */;

--
-- Dumping data for table `usuarios`
--

LOCK TABLES `usuarios` WRITE;
/*!40000 ALTER TABLE `usuarios` DISABLE KEYS */;
INSERT INTO `usuarios` VALUES (2,'ylucaroni@gmail','ylucaroni@gmail','$2b$12$O3NIXjyWkWGnhuBmxyEG6uE71EggAjzTxgTBxD9iUeFDBbzaDDiuu','$2b$12$O3NIXjyWkWGnhuBmxyEG6u',1,NULL,'2021-10-15 18:03:34','Yanasú','Lucaroni'),(22,'elias@gmail.com','eliasraffaelli','$2b$12$xBWft2GwRCwznnNumAhn.uDtdOw6IkFCJNm.YKURgKEuz50RxyQOi','$2b$12$xBWft2GwRCwznnNumAhn.u',1,NULL,'2021-10-21 09:05:45','Elias','Raffaelli'),(23,'mail1@valido.com','user1','$2b$12$YAIlXwpLuy9vxdvuh0bbKuuS78iIsCX5CcjpWaJjG35EohN6PY/tu','$2b$12$YAIlXwpLuy9vxdvuh0bbKu',0,NULL,'2021-10-21 09:07:40','user ','uno'),(24,'mail2@valido.com','kk','$2b$12$O7zAC0xFplRJ3Ok0UBeJ4.SwRTiKJe4BOwUQXj41c2KZ1T7PwCJPu','$2b$12$O7zAC0xFplRJ3Ok0UBeJ4.',1,'2023-06-21 19:26:17','2021-10-21 09:08:02','user ','dos'),(25,'mail3@valido.com','user3','$2b$12$q2zJSLSbEEpIjNWQU.KA7O7KXlHQtb4MKKqJiKmkKfidRoF/yW/cm','$2b$12$q2zJSLSbEEpIjNWQU.KA7O',0,NULL,'2021-10-21 09:08:21','user','tres'),(26,'mail4@valido.com','user4','$2b$12$BXdy.z.65ZJjzBseNUfUJupTOjCK/DtcGE0pBBVi9xaKoq7nzW8za','$2b$12$BXdy.z.65ZJjzBseNUfUJu',0,NULL,'2021-10-21 09:08:53','user','cuatro'),(30,'elias2@gmail.com','eliasraffaelli2','$2b$12$66IZUay.Vs.eJ3lfb1Ddj.xlFOvi5PTcjL2mpQkPJdnoJgfUIpcjO','$2b$12$66IZUay.Vs.eJ3lfb1Ddj.',0,NULL,'2021-10-22 03:19:37','asd','asd'),(31,'Fkaksk@w.com','asd','$2b$12$C1GTTuHRqRSq0xMColrc1uCvlJHQpOEGd9NjAR.mnn.cNHTU/0Upm','$2b$12$C1GTTuHRqRSq0xMColrc1u',NULL,'2023-06-21 19:54:22','2023-06-21 19:53:40','jero','fafa'),(32,'asd@asd.com','fff','$2b$12$0he6UKI8o3OdQbrmEqY3vuEu8OWmr7DwJfF4J5dMyFlHIAnvBRwJO','$2b$12$0he6UKI8o3OdQbrmEqY3vu',1,NULL,'2023-06-21 19:54:50','hjola','fha+'),(33,'rrrrr@gla.com','eeeeee','$2b$12$8aCc.d9giBzMJpZWy1GKZ.v8ZMeZNI.AMTmaaeqQj0du30HJbUgPW','$2b$12$8aCc.d9giBzMJpZWy1GKZ.',0,NULL,'2023-06-21 19:56:30','eeeeee','qqqqqqqq');
/*!40000 ALTER TABLE `usuarios` ENABLE KEYS */;
UNLOCK TABLES;

--
-- Table structure for table `zone`
--

DROP TABLE IF EXISTS `zone`;
/*!40101 SET @saved_cs_client     = @@character_set_client */;
/*!50503 SET character_set_client = utf8mb4 */;
CREATE TABLE `zone` (
  `id` int NOT NULL AUTO_INCREMENT,
  `zone_code` varchar(100) DEFAULT NULL,
  `name` varchar(50) DEFAULT NULL,
  `color` varchar(50) DEFAULT NULL,
  `state` int DEFAULT NULL,
  `updated_at` datetime DEFAULT NULL,
  `created_at` datetime DEFAULT CURRENT_TIMESTAMP,
  PRIMARY KEY (`id`),
  UNIQUE KEY `zone_code` (`zone_code`),
  UNIQUE KEY `name` (`name`)
) ENGINE=InnoDB AUTO_INCREMENT=8 DEFAULT CHARSET=utf8mb4 COLLATE=utf8mb4_0900_ai_ci;
/*!40101 SET character_set_client = @saved_cs_client */;

--
-- Dumping data for table `zone`
--

LOCK TABLES `zone` WRITE;
/*!40000 ALTER TABLE `zone` DISABLE KEYS */;
INSERT INTO `zone` VALUES (1,'1234','zona berisso','red',1,NULL,'2023-06-30 18:44:42'),(3,'cf74b5ff-1791-11ee-8561-8b538a9e165b','Ensenada','#b74848',0,NULL,'2023-06-30 19:02:31'),(4,'cf74b600-1791-11ee-8561-8b538a9e165b','Berisso','#b74848',0,NULL,'2023-06-30 19:02:31'),(5,'cf74b601-1791-11ee-8561-8b538a9e165b','El Gato','#b74848',0,NULL,'2023-06-30 19:02:31'),(6,'cf74b602-1791-11ee-8561-8b538a9e165b','La Plata 1','#b74848',0,NULL,'2023-06-30 19:02:32'),(7,'cf74b603-1791-11ee-8561-8b538a9e165b','La Plata 2','#b74848',0,NULL,'2023-06-30 19:02:32');
/*!40000 ALTER TABLE `zone` ENABLE KEYS */;
UNLOCK TABLES;

--
-- Table structure for table `zone_coordinate`
--

DROP TABLE IF EXISTS `zone_coordinate`;
/*!40101 SET @saved_cs_client     = @@character_set_client */;
/*!50503 SET character_set_client = utf8mb4 */;
CREATE TABLE `zone_coordinate` (
  `id` int NOT NULL AUTO_INCREMENT,
  `latitude` varchar(100) DEFAULT NULL,
  `longitude` varchar(100) DEFAULT NULL,
  `zone_id` int DEFAULT NULL,
  PRIMARY KEY (`id`),
  KEY `zone_id` (`zone_id`),
  CONSTRAINT `zone_coordinate_ibfk_1` FOREIGN KEY (`zone_id`) REFERENCES `zone` (`id`)
) ENGINE=InnoDB AUTO_INCREMENT=920 DEFAULT CHARSET=utf8mb4 COLLATE=utf8mb4_0900_ai_ci;
/*!40101 SET character_set_client = @saved_cs_client */;

--
-- Dumping data for table `zone_coordinate`
--

LOCK TABLES `zone_coordinate` WRITE;
/*!40000 ALTER TABLE `zone_coordinate` DISABLE KEYS */;
INSERT INTO `zone_coordinate` VALUES (1,'-34.91232904497809','-57.91738986968995',1),(2,'-34.914898007328105','-57.91365623474122',1),(3,'-34.912927303665256','-57.90781974792481',1),(4,'-34.9093024930398','-57.90786266326905',1),(5,'-34.907542818529386','-57.908978462219245',1),(6,'-34.90676854979743','-57.91335582733155',1),(7,'-34.90817630569767','-57.91940689086915',1),(8,'-34.91053424275767','-57.91953563690186',1),(9,'-34.912364236786246','-57.91781902313233',1),(166,'-34.83248314708783','-57.92995936644729',3),(167,'-34.833752198627664','-57.929616043693386',3),(168,'-34.83466872368624','-57.92978770507034',3),(169,'-34.836008241957366','-57.930216858512736',3),(170,'-34.836854242267776','-57.93081767333206',3),(171,'-34.837700233884426','-57.93159014952836',3),(172,'-34.83847571856243','-57.932276795036174',3),(173,'-34.83911020059258','-57.93287760985551',3),(174,'-34.83981517489045','-57.933650086051784',3),(175,'-34.84044964659643','-57.93407923949418',3),(176,'-34.8412956012637','-57.934851715690456',3),(177,'-34.84228253738696','-57.9351092077559',3),(178,'-34.84312847321662','-57.934765885001994',3),(179,'-34.84439736065904','-57.93399340880569',3),(180,'-34.84538425958934','-57.93270594847856',3),(181,'-34.84672360349427','-57.930216858512736',3),(182,'-34.84771047452892','-57.92884356749711',3),(183,'-34.84876782321874','-57.927470276481486',3),(184,'-34.85031857672143','-57.926011154777385',3),(185,'-34.85158735330377','-57.92420871031936',3),(186,'-34.852954783719454','-57.92142780439463',3),(187,'-34.85358915413069','-57.92039783613291',3),(188,'-34.854082549957766','-57.91919620649424',3),(189,'-34.85513981676634','-57.91619213239756',3),(190,'-34.85570368684195','-57.91396053449717',3),(191,'-34.85647900188539','-57.91232975141612',3),(192,'-34.857183827402274','-57.90992649213877',3),(193,'-34.858170572980534','-57.90675075666514',3),(194,'-34.85894586477417','-57.9032316984376',3),(195,'-34.85929826771931','-57.900141793652445',3),(196,'-34.85986210929121','-57.89876850263682',3),(197,'-34.86061938891707','-57.89939786307515',3),(198,'-34.86146513624135','-57.90017033927143',3),(199,'-34.86386137309965','-57.901114476844675',3),(200,'-34.86456613535961','-57.90077115409077',3),(201,'-34.86597564176101','-57.89948369376362',3),(202,'-34.86731465046574','-57.89793874137104',3),(203,'-34.865263108065825','-57.89679166744464',3),(204,'-34.86258500204472','-57.895418376429014',3),(205,'-34.86004776852838','-57.89395925472492',3),(206,'-34.857580938684755','-57.893100947840146',3),(207,'-34.85469112963872','-57.891899318201475',3),(208,'-34.85194219268384','-57.89044019649737',3),(209,'-34.849735711723426','-57.88907019537874',3),(210,'-34.8455767774189','-57.887010258855305',3),(211,'-34.84381445372079','-57.88589445990511',3),(212,'-34.84120614539369','-57.884263676824055',3),(213,'-34.83909124012565','-57.88340536993929',3),(214,'-34.83676478157116','-57.88220374030062',3),(215,'-34.83373323692671','-57.8811737720389',3),(216,'-34.83218217092004','-57.88031546515413',3),(217,'-34.83175914784717','-57.87945715826937',3),(218,'-34.82964399988373','-57.880744618596516',3),(219,'-34.828797925485645','-57.88143126410433',3),(220,'-34.828586405527865','-57.88340536993929',3),(221,'-34.82865691224083','-57.88692442816683',3),(222,'-34.82851589875454','-57.88967101019808',3),(223,'-34.828233871057584','-57.891988438786946',3),(224,'-34.8280928568469','-57.89593665045687',3),(225,'-34.82833808448374','-57.89925102784765',3),(226,'-34.82876112513164','-57.90259842469823',3),(227,'-34.828972644640636','-57.905087514664054',3),(228,'-34.82932517594829','-57.90723328187597',3),(229,'-34.82967770574678','-57.909550710464835',3),(230,'-34.83010073951282','-57.910323186661124',3),(231,'-34.830241750285225','-57.913327260757804',3),(232,'-34.83038276081616','-57.91470055177343',3),(233,'-34.83038276081616','-57.916502996231436',3),(234,'-34.831087809848746','-57.92011870304124',3),(235,'-34.831087809848746','-57.922006978187724',3),(236,'-34.831369827771454','-57.923723591957256',3),(237,'-34.831792852844465','-57.92483939090745',3),(238,'-34.83200436456598','-57.927156819496304',3),(239,'-34.82720050210121','-57.87408828735352',4),(240,'-34.83030279257369','-57.87546157836914',4),(241,'-34.83382798079101','-57.87683486938477',4),(242,'-34.83636602285396','-57.8782081604004',4),(243,'-34.83735301808148','-57.87872314453126',4),(244,'-34.83876299073662','-57.879753112792976',4),(245,'-34.8400319454781','-57.88061141967774',4),(246,'-34.841889000902036','-57.882077896501876',4),(247,'-34.844144821246005','-57.882592880632735',4),(248,'-34.84680163436547','-57.88421630859376',4),(249,'-34.84792948494094','-57.88438796997071',4),(250,'-34.84962123182082','-57.88490295410157',4),(251,'-34.85145391835838','-57.88576126098633',4),(252,'-34.852722677433675','-57.88696289062501',4),(253,'-34.854132386793104','-57.88816452026368',4),(254,'-34.85582400614023','-57.889022827148445',4),(255,'-34.85737462665221','-57.889537811279304',4),(256,'-34.85892521793584','-57.89022445678712',4),(257,'-34.859770982680025','-57.89056777954102',4),(258,'-34.861321528791464','-57.891769409179695',4),(259,'-34.86273109080081','-57.89297103881837',4),(260,'-34.86385872301499','-57.89382934570313',4),(261,'-34.86540919206474','-57.89434432983399',4),(262,'-34.86695963188314','-57.895030975341804',4),(263,'-34.86794626018399','-57.89554595947266',4),(264,'-34.868932876647','-57.89640426635742',4),(265,'-34.86865098743696','-57.8946876525879',4),(266,'-34.869073820889646','-57.89279937744141',4),(267,'-34.86851004246955','-57.89194107055665',4),(268,'-34.86738247403301','-57.89056777954102',4),(269,'-34.866254890134904','-57.88970947265626',4),(270,'-34.86456348529766','-57.88833618164063',4),(271,'-34.8630130003038','-57.88747787475587',4),(272,'-34.861321528791464','-57.88627624511719',4),(273,'-34.859348101394986','-57.88541793823243',4),(274,'-34.85892521793584','-57.88473129272462',4),(275,'-34.85864329442194','-57.88284301757813',4),(276,'-34.85906617933046','-57.88061141967774',4),(277,'-34.86047577999055','-57.87872314453126',4),(278,'-34.86288412455835','-57.87717819213868',4),(279,'-34.863447941548955','-57.87649154663087',4),(280,'-34.86513936932944','-57.87408828735352',4),(281,'-34.86598507017437','-57.87048339843751',4),(282,'-34.86725360513483','-57.86825180053712',4),(283,'-34.86852212052676','-57.86790847778321',4),(284,'-34.86894495464212','-57.86739349365235',4),(285,'-34.870747609928245','-57.86455012159423',4),(286,'-34.87102949195052','-57.86231852369384',4),(287,'-34.87159325309587','-57.859571941662594',4),(288,'-34.871875132218925','-57.85545206861571',4),(289,'-34.87229794909151','-57.8521905024536',4),(290,'-34.87257982579855','-57.849787243176266',4),(291,'-34.87342545012115','-57.846868999768056',4),(292,'-34.874552935688016','-57.84618235426024',4),(293,'-34.87517304099755','-57.84350937581622',4),(294,'-34.87545490784701','-57.83973282552325',4),(295,'-34.87559584090933','-57.83578461385333',4),(296,'-34.87489117318164','-57.83389633870684',4),(297,'-34.87390462821523','-57.83235138631427',4),(298,'-34.87164962383643','-57.828574836021296',4),(299,'-34.870381156693114','-57.827373206382624',4),(300,'-34.86981738723677','-57.825828253990046',4),(301,'-34.869535501059026','-57.8234249947127',4),(302,'-34.86925361391491','-57.822395026450984',4),(303,'-34.868267001300296','-57.82050675130451',4),(304,'-34.86742132392294','-57.81964844441974',4),(305,'-34.86671658613143','-57.819133460288874',4),(306,'-34.86301963335572','-57.82730944105425',4),(307,'-34.859405229039325','-57.83228669897654',4),(308,'-34.85827753576692','-57.83400331274607',4),(309,'-34.856022102843','-57.838123185792945',4),(310,'-34.85404854830851','-57.84189973608592',4),(311,'-34.85165202558364','-57.84704957739451',4),(312,'-34.85038324999858','-57.84876619116404',4),(313,'-34.84587188947378','-57.85494600073435',4),(314,'-34.84460302476501','-57.8576925827656',4),(315,'-34.84291117472225','-57.859924180666',4),(316,'-34.83980935931925','-57.86438737646677',4),(317,'-34.83825840778491','-57.866618974367164',4),(318,'-34.83572042406191','-57.868850572267554',4),(319,'-34.832618337701206','-57.871768815675765',4),(320,'-34.831067250692115','-57.87194047705272',4),(321,'-34.82909309769527','-57.87331376806834',4),(322,'-34.84162403503468','-57.94384109205567',5),(323,'-34.842469977632234','-57.94607268995606',5),(324,'-34.84387986264061','-57.94761764234864',5),(325,'-34.84557169277076','-57.95122253126466',5),(326,'-34.846417594793834','-57.95208083814942',5),(327,'-34.84796839258701','-57.95379745191895',5),(328,'-34.848955248693805','-57.954484097426764',5),(329,'-34.85202449620024','-57.95770642580465',5),(330,'-34.85357518832605','-57.96216962160543',5),(331,'-34.85653551940671','-57.96474454225973',5),(332,'-34.8576632365603','-57.965602849144496',5),(333,'-34.85935478330367','-57.96817776979879',5),(334,'-34.86146916781642','-57.97092435183004',5),(335,'-34.86330159042857','-57.971610997337855',5),(336,'-34.865556823751916','-57.97298428835348',5),(337,'-34.86795294139417','-57.97504422487692',5),(338,'-34.869926162321825','-57.97624585451559',5),(339,'-34.87175839649753','-57.97847745241598',5),(340,'-34.87373152610097','-57.98070905031637',5),(341,'-34.87528180899704','-57.98276898683981',5),(342,'-34.877254854037105','-57.98448560060934',5),(343,'-34.87922785171992','-57.98620221437887',5),(344,'-34.880778030961736','-57.98740384401754',5),(345,'-34.882469102244244','-57.98894879641012',5),(346,'-34.883596463768576','-57.9904937488027',5),(347,'-34.884844592302485','-57.99266157089733',5),(348,'-34.88709923471215','-57.99626645981335',5),(349,'-34.88935381525966','-57.99815473495983',5),(350,'-34.891044710072215','-58.00004301010632',5),(351,'-34.8934400848203','-57.99969968735241',5),(352,'-34.895412693935555','-57.99918470322155',5),(353,'-34.89837151879258','-57.99918470322155',5),(354,'-34.90006222800055','-57.998841380467645',5),(355,'-34.90245733980199','-57.99952802597546',5),(356,'-34.903443542006066','-58.00004301010632',5),(357,'-34.90640207755796','-58.0019312852528',5),(358,'-34.90893788033419','-58.003132914891474',5),(359,'-34.910769244744614','-58.00399122177624',5),(360,'-34.913304912641316','-58.004849528661005',5),(361,'-34.915269074558296','-58.005310103762895',5),(362,'-34.918368043693796','-58.0056534265168',5),(363,'-34.91991748438497','-58.006511733401574',5),(364,'-34.921185186829284','-58.007713363040246',5),(365,'-34.92188945750359','-58.01011662231759',5),(366,'-34.923157129486675','-58.01183323608712',5),(367,'-34.92404649815302','-58.013947120634846',5),(368,'-34.9260183720533','-58.01566373440438',5),(369,'-34.92799019856675','-58.01617871853524',5),(370,'-34.929398617063306','-58.01480542751961',5),(371,'-34.929680297861275','-58.011715522734455',5),(372,'-34.929680297861275','-58.00862561794929',5),(373,'-34.92953945758318','-58.007252326933674',5),(374,'-34.92742682439837','-58.00553571316414',5),(375,'-34.92573667868304','-58.00433408352547',5),(376,'-34.923060543433174','-57.99935590359382',5),(377,'-34.92094774342894','-57.99901258083992',5),(378,'-34.917426289212244','-57.99866925808601',5),(379,'-34.914468150908064','-57.997295967070386',5),(380,'-34.91235512970813','-57.99557935330086',5),(381,'-34.91052380067373','-57.993519416777424',5),(382,'-34.9086924307884','-57.99145948025399',5),(383,'-34.90502956846867','-57.9895712051075',5),(384,'-34.90207098346726','-57.989227882353596',5),(385,'-34.89868961295038','-57.987854591337964',5),(386,'-34.89685797912813','-57.98630963894539',5),(387,'-34.89558990101718','-57.984078041045',5),(388,'-34.89009175414815','-57.981857245322324',5),(389,'-34.88544165574857','-57.97773737227545',5),(390,'-34.88177775651642','-57.97516245162115',5),(391,'-34.877972765195146','-57.97190088545904',5),(392,'-34.874872271662454','-57.96572107588873',5),(393,'-34.87134884161093','-57.964862769003965',5),(394,'-34.86514723797577','-57.96228784834967',5),(395,'-34.86070112668109','-57.95725572039374',5),(396,'-34.859432490649695','-57.95416581560858',5),(397,'-34.85647226381794','-57.95107591082343',5),(398,'-34.85153831571121','-57.94523942400702',5),(399,'-34.847329125721494','-57.94192390982062',5),(400,'-34.84577831588139','-57.938662343658514',5),(401,'-34.84465043582396','-57.93625908438117',5),(402,'-34.84027975460647','-57.93728905264289',5),(403,'-34.84042074794578','-57.940378957428045',5),(404,'-34.89914184624319','-57.98700392246247',6),(405,'-34.90167701049367','-57.98477232456208',6),(406,'-34.90336707651879','-57.9832273721695',6),(407,'-34.90562044378165','-57.98271238803864',6),(408,'-34.908155408040415','-57.98202574253083',6),(409,'-34.91012699280126','-57.98219740390778',6),(410,'-34.9125209963608','-57.982369065284736',6),(411,'-34.91407002028689','-57.98271238803864',6),(412,'-34.91561901498324','-57.982884049415595',6),(413,'-34.918294482428294','-57.98254072666169',6),(414,'-34.92026582368797','-57.9832273721695',6),(415,'-34.92181470145953','-57.98357069492341',6),(416,'-34.923222746793726','-57.983914017677314',6),(417,'-34.92491236930402','-57.98528730869294',6),(418,'-34.92505316960949','-57.987175583839424',6),(419,'-34.92617956335543','-57.98957884311676',6),(420,'-34.92766396430963','-57.99216847401113',6),(421,'-34.92850873418815','-57.9933701036498',6),(422,'-34.92977587269706','-57.99474339466543',6),(423,'-34.93287323999343','-57.99663166981191',6),(424,'-34.93554814490881','-57.99817662220449',6),(425,'-34.937800628758914','-57.99869160633534',6),(426,'-34.94117923854553','-58.00092320423574',6),(427,'-34.94315002997532','-58.00160984974355',6),(428,'-34.94540230503987','-58.00212483387441',6),(429,'-34.946778957286625','-58.002499143476605',6),(430,'-34.94832733450791','-58.002499143476605',6),(431,'-34.94973492478787','-58.002499143476605',6),(432,'-34.95163513332947','-58.00267080485356',6),(433,'-34.95339454640909','-58.002499143476605',6),(434,'-34.954661300443014','-58.002241651411175',6),(435,'-34.955224295951844','-58.0021558207227',6),(436,'-34.957124377243694','-58.00292829691899',6),(437,'-34.95789847180784','-58.003185788984425',6),(438,'-34.9584614450803','-58.00267080485356',6),(439,'-34.9584614450803','-58.001726667280316',6),(440,'-34.95775772788544','-58.00104002177251',6),(441,'-34.95543541827065','-57.999666730756886',6),(442,'-34.953042666814284','-57.99898008524907',6),(443,'-34.95128324618192','-57.998722593183636',6),(444,'-34.94952378778653','-57.99829343974126',6),(445,'-34.947482768739555','-57.997950116987354',6),(446,'-34.94431556962304','-57.99743513285649',6),(447,'-34.942626346736596','-57.99683431803715',6),(448,'-34.941148248165234','-57.996233503217816',6),(449,'-34.94058515598726','-57.99554685771',6),(450,'-34.94058515598726','-57.99460272013677',6),(451,'-34.9412890206056','-57.99357275187505',6),(452,'-34.942415191429006','-57.99297193705571',6),(453,'-34.94354134678639','-57.99254278361333',6),(454,'-34.9446674866776','-57.99237112223637',6),(455,'-34.94762353030511','-57.992027799482464',6),(456,'-34.94889037352001','-57.991770307417035',6),(457,'-34.95015719715913','-57.99168447672856',6),(458,'-34.951494378651695','-57.99168447672856',6),(459,'-34.95318341883347','-57.992285291547894',6),(460,'-34.954309426286216','-57.99254278361333',6),(461,'-34.95550579225609','-57.99305776774419',6),(462,'-34.956826800915714','-57.993744413252',6),(463,'-34.95802313014052','-57.99408773600591',6),(464,'-34.95921944190218','-57.99425939738286',6),(465,'-34.96055647555802','-57.99468855082524',6),(466,'-34.96147127549041','-57.99425939738286',6),(467,'-34.96280827240582','-57.994431058759815',6),(468,'-34.96428598045819','-57.99511770426763',6),(469,'-34.96567721283819','-57.99597601115239',6),(470,'-34.966521591136406','-57.99580434977544',6),(471,'-34.96645122661059','-57.994516889448285',6),(472,'-34.96581794315887','-57.99365858256352',6),(473,'-34.964129163356645','-57.991770307417035',6),(474,'-34.96159592838839','-57.990740339155316',6),(475,'-34.956318104005945','-57.990482847089886',6),(476,'-34.95357350100151','-57.98945287882817',6),(477,'-34.95096956191488','-57.98953870951665',6),(478,'-34.949843508583264','-57.9893670481397',6),(479,'-34.94745059389708','-57.98850874125493',6),(480,'-34.945127992262634','-57.98799375712407',6),(481,'-34.94336840176813','-57.987736265058636',6),(482,'-34.94196070218587','-57.988165418501026',6),(483,'-34.938652513047025','-57.988165418501026',6),(484,'-34.93640005259255','-57.98850874125493',6),(485,'-34.934569882924606','-57.98807958781254',6),(486,'-34.93302124592554','-57.987478772993214',6),(487,'-34.93210612850169','-57.98636297404301',6),(488,'-34.93203573443085','-57.98507551371586',6),(489,'-34.93245809794976','-57.98387388407719',6),(490,'-34.9339041729829','-57.98219650809189',6),(491,'-34.93538240211405','-57.98168152396102',6),(492,'-34.936227092513846','-57.981595693272546',6),(493,'-34.93714216396376','-57.98150986258407',6),(494,'-34.938198002950685','-57.981338201207116',6),(495,'-34.94030964014713','-57.98099487845321',6),(496,'-34.94087273421686','-57.98056572501083',6),(497,'-34.94115427980184','-57.980136571568444',6),(498,'-34.94122466604705','-57.97944992606063',6),(499,'-34.939951674813535','-57.97854502627161',6),(500,'-34.93882547015912','-57.978115872829235',6),(501,'-34.936924964736214','-57.97803004214075',6),(502,'-34.93530598093661','-57.978115872829235',6),(503,'-34.93186593383582','-57.97759023320397',6),(504,'-34.92890932219541','-57.977418571827',6),(505,'-34.926797391501914','-57.977933555957875',6),(506,'-34.9253894075052','-57.97887769353112',6),(507,'-34.9233477877953','-57.97879186284264',6),(508,'-34.92109490709684','-57.97862020146569',6),(509,'-34.91877155910029','-57.97776189458092',6),(510,'-34.91658896016065','-57.97759023320397',6),(511,'-34.91511039241985','-57.97759023320397',6),(512,'-34.91264605366711','-57.97776189458092',6),(513,'-34.910181640935484','-57.977161079761586',6),(514,'-34.90968874951186','-57.97638860356528',6),(515,'-34.90954792284735','-57.973813682911',6),(516,'-34.90954792284735','-57.972697883960805',6),(517,'-34.91131427262264','-57.97000280348584',6),(518,'-34.91194797707654','-57.96880117384717',6),(519,'-34.913285781526454','-57.968114528339356',6),(520,'-34.91441233678522','-57.967427882831544',6),(521,'-34.915046017324165','-57.967342052143074',6),(522,'-34.9164541787856','-57.96717039076612',6),(523,'-34.91765109703393','-57.96717039076612',6),(524,'-34.91884799782819','-57.96717039076612',6),(525,'-34.91976326312899','-57.9672562214546',6),(526,'-34.92046730641477','-57.9672562214546',6),(527,'-34.920889729487214','-57.96699872938917',6),(528,'-34.92159376310945','-57.96622625319288',6),(529,'-34.922438595483634','-57.966054591815926',6),(530,'-34.923072214056575','-57.966312083881355',6),(531,'-34.923565025119906','-57.966569575946785',6),(532,'-34.92377622895532','-57.967084560077645',6),(533,'-34.924905897271564','-57.966648198198534',6),(534,'-34.925891494413854','-57.96656236751006',6),(535,'-34.92781437936716','-57.96647653682158',6),(536,'-34.92802557226505','-57.96733484370635',6),(537,'-34.92865914769698','-57.96767816646025',6),(538,'-34.92975934262822','-57.96878170163837',6),(539,'-34.93046330015177','-57.96989750058857',6),(540,'-34.93123764645092','-57.970584146096385',6),(541,'-34.93187119707738','-57.97144245298115',6),(542,'-34.93208237953221','-57.97232772863936',6),(543,'-34.932504742810934','-57.973271866212606',6),(544,'-34.9334902486711','-57.97344352758956',6),(545,'-34.933912604701014','-57.97310020483565',6),(546,'-34.93419417417949','-57.972585220704794',6),(547,'-34.933560641493756','-57.97095443762374',6),(548,'-34.93292710391506','-57.96992446936202',6),(549,'-34.932152773563026','-57.96898033178878',6),(550,'-34.93144883053671','-57.968551178346395',6),(551,'-34.930744881469856','-57.96743537939619',6),(552,'-34.930252113528965','-57.96606208838057',6),(553,'-34.93032250913028','-57.965289612184286',6),(554,'-34.93136234532284','-57.96429888170679',6),(555,'-34.93206628909127','-57.96395555895288',6),(556,'-34.93326297963442','-57.964127220329836',6),(557,'-34.93375572948978','-57.964384712395265',6),(558,'-34.93424847638519','-57.965157188591554',6),(559,'-34.93488200375851','-57.9664446489187',6),(560,'-34.93565630834765','-57.967217125114985',6),(561,'-34.93664177634411','-57.96798960131128',6),(562,'-34.93720489559749','-57.967732109245844',6),(563,'-34.9376976217727','-57.9679037706228',6),(564,'-34.93868306524273','-57.96859041613062',6),(565,'-34.93959810929134','-57.96893373888452',6),(566,'-34.94037236935811','-57.969105400261476',6),(567,'-34.94182717181033','-57.96976703626571',6),(568,'-34.94239025546002','-57.96993869764266',6),(569,'-34.94274218077761','-57.97062534315047',6),(570,'-34.94351641115989','-57.97079700452743',6),(571,'-34.94407948320999','-57.9726852796739',6),(572,'-34.944642551393535','-57.973715247935615',6),(573,'-34.94541676383249','-57.975346031016684',6),(574,'-34.94626135088294','-57.97568935377059',6),(575,'-34.94682440408324','-57.97517436963973',6),(576,'-34.94675402264469','-57.9730286024278',6),(577,'-34.94626135088294','-57.9719986341661',6),(578,'-34.945275998478245','-57.97045368177352',6),(579,'-34.944361017785084','-57.96968120557722',6),(580,'-34.94330525814423','-57.96873706800399',6),(581,'-34.94196794308521','-57.96779293043073',6),(582,'-34.940489832646314','-57.96667713148054',6),(583,'-34.939574798547184','-57.965561332530356',6),(584,'-34.93894130742087','-57.9646171949571',6),(585,'-34.937885478003025','-57.963329734629966',6),(586,'-34.9371111944579','-57.962213935679756',6),(587,'-34.93647768430225','-57.96161312086042',6),(588,'-34.935632996483136','-57.96092647535261',6),(589,'-34.93591456005606','-57.95929569227157',6),(590,'-34.9371111944579','-57.95878070814071',6),(591,'-34.9380262560441','-57.95792240125594',6),(592,'-34.93894130742087','-57.95732158643659',6),(593,'-34.94077137954586','-57.95654911024032',6),(594,'-34.94196794308521','-57.95654911024032',6),(595,'-34.943446026881745','-57.95646327955184',6),(596,'-34.944924084035335','-57.95654911024032',6),(597,'-34.946110530563836','-57.95693902589848',6),(598,'-34.94716625408449','-57.95702485658694',6),(599,'-34.94843310436521','-57.957282348652384',6),(600,'-34.94980851891208','-57.957883163471706',6),(601,'-34.95106157411501','-57.95876949734521',6),(602,'-34.95204685698594','-57.960142788360834',6),(603,'-34.95253949398046','-57.961601910064935',6),(604,'-34.95317288005157','-57.963232693146',6),(605,'-34.953876636612726','-57.96469181485009',6),(606,'-34.95422851262742','-57.96589344448876',6),(607,'-34.955073008899575','-57.96623676724268',6),(608,'-34.955636001580444','-57.9676100582583',6),(609,'-34.956486513859545','-57.968331027659595',6),(610,'-34.956979124171134','-57.96987598005217',6),(611,'-34.958175451172444','-57.96876018110197',6),(612,'-34.95944213131611','-57.96918933454436',6),(613,'-34.960356943688225','-57.96936099592131',6),(614,'-34.9614828525885','-57.96996181074065',6),(615,'-34.96281984931503','-57.97064845624846',6),(616,'-34.96380499083851','-57.97090594831389',6),(617,'-34.96523442483264','-57.97200212837197',6),(618,'-34.965867712794655','-57.9733754193876',6),(619,'-34.96671208912958','-57.97363291145303',6),(620,'-34.967204637972834','-57.972517112502835',6),(621,'-34.96734536566988','-57.97122965217569',6),(622,'-34.966993545974034','-57.969770530471585',6),(623,'-34.96643063131819','-57.968311408767484',6),(624,'-34.96565661735121','-57.96685228706338',6),(625,'-34.96481223013855','-57.96547899604776',6),(626,'-34.96263085622864','-57.96436319709756',6),(627,'-34.96108274919103','-57.964277366409085',6),(628,'-34.95953461290613','-57.96393404365518',6),(629,'-34.9577753316269','-57.963762382278226',6),(630,'-34.956649371788444','-57.96307573677041',6),(631,'-34.95545302251089','-57.96195993782022',6),(632,'-34.9539047798769','-57.95972833991983',6),(633,'-34.95320102355738','-57.95869837165811',6),(634,'-34.95235650799825','-57.957325080642484',6),(635,'-34.95200462394735','-57.95586595893838',6),(636,'-34.952145377748955','-57.95414934516885',6),(637,'-34.95186386990402','-57.952776054153226',6),(638,'-34.95172311561903','-57.951574424514554',6),(639,'-34.95158236109234','-57.95123110176065',6),(640,'-34.95207500087838','-57.9499436414335',6),(641,'-34.953060271568425','-57.94968614936807',6),(642,'-34.95355290247242','-57.94925699592569',6),(643,'-34.954115905594506','-57.94874201179483',6),(644,'-34.95369365361549','-57.94796953559854',6),(645,'-34.95298989548329','-57.94711122871377',6),(646,'-34.95193424695589','-57.94642458320596',6),(647,'-34.95066745077789','-57.94685373664834',6),(648,'-34.94954139329643','-57.948055366287015',6),(649,'-34.948767219805625','-57.948570350417874',6),(650,'-34.94728923193157','-57.94917116523721',6),(651,'-34.944896242692735','-57.95011530281045',6),(652,'-34.943347800674836','-57.95054445625283',6),(653,'-34.94194010073891','-57.95114527107217',6),(654,'-34.94039160289828','-57.95148859382608',6),(655,'-34.9373649090568','-57.953033546218656',6),(656,'-34.934619671534925','-57.95320520759561',6),(657,'-34.93363417924375','-57.95389185310342',6),(658,'-34.931801853305856','-57.95485006703531',6),(659,'-34.930253164049674','-57.95579420460855',6),(660,'-34.92877484248706','-57.9566525114933',6),(661,'-34.92539572174516','-57.95802580250893',6),(662,'-34.924410118647906','-57.95862661732828',6),(663,'-34.92363570790932','-57.959570754901506',6),(664,'-34.92243887693826','-57.96008573903238',6),(665,'-34.92131243184382','-57.960686553851716',6),(666,'-34.918707468343435','-57.96128736867105',6),(667,'-34.91694731106337','-57.961459030048005',6),(668,'-34.91624323758231','-57.96128736867105',6),(669,'-34.91539834143306','-57.961201537982575',6),(670,'-34.913990161858564','-57.96128736867105',6),(671,'-34.91293401132478','-57.96163069142496',6),(672,'-34.911455377749654','-57.962059844867326',6),(673,'-34.90955423830611','-57.96231733693277',6),(674,'-34.90638557473795','-57.962574828998186',6),(675,'-34.905822243968274','-57.963175643817536',6),(676,'-34.904977240567504','-57.963690627948395',6),(677,'-34.90314038288323','-57.96375635254663',6),(678,'-34.902013672954155','-57.96409967530054',6),(679,'-34.900675684836095','-57.96478632080835',6),(680,'-34.899196830503264','-57.96573045838159',6),(681,'-34.897788373049295','-57.966417103889405',6),(682,'-34.89673201410919','-57.96684625733179',6),(683,'-34.8956756415839','-57.9675329028396',6),(684,'-34.89454882924989','-57.969163685920655',6),(685,'-34.89363328284743','-57.97079446900171',6),(686,'-34.89236558636837','-57.971910267951905',6),(687,'-34.89137958669391','-57.974141865852296',6),(688,'-34.890393575186025','-57.97525766480249',6),(689,'-34.89025271543323','-57.97620180237573',6),(690,'-34.890393575186025','-57.977145939948976',6),(691,'-34.89264729838757','-57.98023584473413',6),(692,'-34.89363328284743','-57.98135164368433',6),(693,'-34.8956756415839','-57.98375490296167',6),(694,'-34.896309466729264','-57.984870701911866',6),(695,'-34.896661589696805','-57.985385686042726',6),(696,'-34.89736583110351','-57.98581483948511',6),(697,'-34.90177908280255','-57.933368805097416',7),(698,'-34.90346914672711','-57.933883789228275',7),(699,'-34.90530001006254','-57.9345704347361',7),(700,'-34.90656750692069','-57.935772064374774',7),(701,'-34.90783498421369','-57.93663037125954',7),(702,'-34.908820786359335','-57.93766033952126',7),(703,'-34.90994740288978','-57.938518646406024',7),(704,'-34.911496475376545','-57.93954861466774',7),(705,'-34.911842545086934','-57.940692901611335',7),(706,'-34.91233542357999','-57.941207885742195',7),(707,'-34.9130395305797','-57.94180870056153',7),(708,'-34.91367322171601','-57.94249534606934',7),(709,'-34.91444772646174','-57.94326782226563',7),(710,'-34.91571508210138','-57.9441261291504',7),(711,'-34.916348752583446','-57.94455528259277',7),(712,'-34.917052825159445','-57.94489860534668',7),(713,'-34.91817932871893','-57.94481277465821',7),(714,'-34.919094601476566','-57.94481277465821',7),(715,'-34.920150672744505','-57.94472694396973',7),(716,'-34.92120673042317','-57.944469451904304',7),(717,'-34.92212196941902','-57.944040298461914',7),(718,'-34.923107599999234','-57.94361114501954',7),(719,'-34.923952416788616','-57.94326782226563',7),(720,'-34.92529002558404','-57.942924499511726',7),(721,'-34.926557213803136','-57.94240951538087',7),(722,'-34.92768358690194','-57.94206619262696',7),(723,'-34.928035575324174','-57.94206619262696',7),(724,'-34.92895073815489','-57.94258117675782',7),(725,'-34.92993628671012','-57.942924499511726',7),(726,'-34.93148498194821','-57.94283866882325',7),(727,'-34.932188924664295','-57.942924499511726',7),(728,'-34.93289286133977','-57.942924499511726',7),(729,'-34.933315220445564','-57.942667007446296',7),(730,'-34.933456006330886','-57.94180870056153',7),(731,'-34.933737577376675','-57.94112205505372',7),(732,'-34.933807969987114','-57.94052124023438',7),(733,'-34.93296325467508','-57.940177917480476',7),(734,'-34.93183695406132','-57.94000625610352',7),(735,'-34.93064024271538','-57.939920425415046',7),(736,'-34.929443513912396','-57.93957710266114',7),(737,'-34.92838756223637','-57.939491271972656',7),(738,'-34.927190800573854','-57.93957710266114',7),(739,'-34.92381161459439','-57.93940544128419',7),(740,'-34.922966796355425','-57.93974876403809',7),(741,'-34.921910761325954','-57.94026374816895',7),(742,'-34.92099551997459','-57.94077873229981',7),(743,'-34.92008026841608','-57.941207885742195',7),(744,'-34.919305816817285','-57.941207885742195',7),(745,'-34.91824973467806','-57.94103622436524',7),(746,'-34.917404859182625','-57.94026374816895',7),(747,'-34.917052825159445','-57.9393196105957',7),(748,'-34.916348752583446','-57.93854713439942',7),(749,'-34.916348752583446','-57.93803215026856',7),(750,'-34.91663038233857','-57.93760299682618',7),(751,'-34.91775689169598','-57.93674468994141',7),(752,'-34.91853135791056','-57.93631553649903',7),(753,'-34.918953790947455','-57.9360580444336',7),(754,'-34.919587436426035','-57.93580055236817',7),(755,'-34.919587436426035','-57.934942245483406',7),(756,'-34.91832014057678','-57.93477058410645',7),(757,'-34.91726404575454','-57.93485641479493',7),(758,'-34.91641916011283','-57.935199737548835',7),(759,'-34.91571508210138','-57.935714721679695',7),(760,'-34.91536304083093','-57.93631553649903',7),(761,'-34.91487018051578','-57.93674468994141',7),(762,'-34.9130395305797','-57.93674468994141',7),(763,'-34.91247624546305','-57.93683052062989',7),(764,'-34.91127925175715','-57.93665885925294',7),(765,'-34.91036389185305','-57.93631553649903',7),(766,'-34.909730175171674','-57.9360580444336',7),(767,'-34.90909645359885','-57.93554306030274',7),(768,'-34.908321898367106','-57.9345989227295',7),(769,'-34.907758580881826','-57.93374061584473',7),(770,'-34.90719525953179','-57.932968139648445',7),(771,'-34.906350270260305','-57.93253898620606',7),(772,'-34.90578693924843','-57.932195663452156',7),(773,'-34.90529402144279','-57.931938171386726',7),(774,'-34.9042377590386','-57.93142318725587',7),(775,'-34.90374483193367','-57.930994033813484',7),(776,'-34.90304064522261','-57.930479049682624',7),(777,'-34.90247729150613','-57.92979240417481',7),(778,'-34.902336452473165','-57.928934097290046',7),(779,'-34.90275896884744','-57.92807579040528',7),(780,'-34.903463157973846','-57.92738914489747',7),(781,'-34.904096923024824','-57.926702499389656',7),(782,'-34.90501235279681','-57.92532920837403',7),(783,'-34.90578693924843','-57.92404174804688',7),(784,'-34.9064911024094','-57.92318344116212',7),(785,'-34.90663193431698','-57.92275428771973',7),(786,'-34.90670235018016','-57.92189598083497',7),(787,'-34.90719525953179','-57.9210376739502',7),(788,'-34.908040240107574','-57.91966438293458',7),(789,'-34.908744383944764','-57.918977737426765',7),(790,'-34.909307694666616','-57.91820526123047',7),(791,'-34.90980058837783','-57.91777610778809',7),(792,'-34.91029347913001','-57.91657447814942',7),(793,'-34.911068015762034','-57.915716171264656',7),(794,'-34.91177213363206','-57.91460037231446',7),(795,'-34.91247624546305','-57.913742065429695',7),(796,'-34.91409567975592','-57.91288375854493',7),(797,'-34.91487018051578','-57.91262626647949',7),(798,'-34.915151815343904','-57.91193962097169',7),(799,'-34.91592630613896','-57.91108131408692',7),(800,'-34.91663038233857','-57.91065216064454',7),(801,'-34.917123232084855','-57.90987968444825',7),(802,'-34.91754567236916','-57.90884971618653',7),(803,'-34.91824973467806','-57.908506393432624',7),(804,'-34.919235411764134','-57.90833473205567',7),(805,'-34.91993945957805','-57.90893554687501',7),(806,'-34.920432289454226','-57.909965515136726',7),(807,'-34.92106592351787','-57.91082382202149',7),(808,'-34.92113632700073','-57.911510467529304',7),(809,'-34.92212196941902','-57.91417121887208',7),(810,'-34.92275559043671','-57.91537284851075',7),(811,'-34.923037198207545','-57.91631698608399',7),(812,'-34.92338920656208','-57.91717529296876',7),(813,'-34.92345960805181','-57.917518615722656',7),(814,'-34.92388201572168','-57.918119430542',7),(815,'-34.924445222565836','-57.91889190673829',7),(816,'-34.92493802538348','-57.919750213623054',7),(817,'-34.9255012249796','-57.92026519775391',7),(818,'-34.92620521903865','-57.9210376739502',7),(819,'-34.926557213803136','-57.921466827392585',7),(820,'-34.92796517776052','-57.92112350463868',7),(821,'-34.9285283565784','-57.921981811523445',7),(822,'-34.92916192812766','-57.92232513427735',7),(823,'-34.92986589077741','-57.92318344116212',7),(824,'-34.93078103319155','-57.92387008666993',7),(825,'-34.93162577097466','-57.92481422424317',7),(826,'-34.93232971248263','-57.925243377685554',7),(827,'-34.93296325467508','-57.92593002319337',7),(828,'-34.933526399182945','-57.926445007324226',7),(829,'-34.934159932133156','-57.92730331420899',7),(830,'-34.935004635122056','-57.92841911315919',7),(831,'-34.93556776561533','-57.92876243591309',7),(832,'-34.93627167329513','-57.929019927978516',7),(833,'-34.93669401500337','-57.92927742004395',7),(834,'-34.937327523488094','-57.92962074279786',7),(835,'-34.937257133898086','-57.92919158935547',7),(836,'-34.93683479508952','-57.92876243591309',7),(837,'-34.936482844421086','-57.92790412902833',7),(838,'-34.93613089224246','-57.92687416076661',7),(839,'-34.93535659213339','-57.92593002319337',7),(840,'-34.93465267660047','-57.9250717163086',7),(841,'-34.93387836253714','-57.924470901489265',7),(842,'-34.93317443431857','-57.92387008666993',7),(843,'-34.93232971248263','-57.92292594909668',7),(844,'-34.9316961653973','-57.922239303588874',7),(845,'-34.93120340317042','-57.921724319458015',7),(846,'-34.930569847386664','-57.92112350463868',7),(847,'-34.92979549478424','-57.92052268981934',7),(848,'-34.9290211348729','-57.91966438293458',7),(849,'-34.92831716497472','-57.918720245361335',7),(850,'-34.927770071697175','-57.917834964464426',7),(851,'-34.92692529421318','-57.917577472398996',7),(852,'-34.92629170539218','-57.917319980333566',7),(853,'-34.92558771207516','-57.91611835069489',7),(854,'-34.92544691268694','-57.915345874498605',7),(855,'-34.925024513072685','-57.91423007554841',7),(856,'-34.92474291212182','-57.9135434300406',7),(857,'-34.92417970732089','-57.91277095384431',7),(858,'-34.923546097299244','-57.911826816271066',7),(859,'-34.92319408961771','-57.91105434007478',7),(860,'-34.92298288428396','-57.910196033190005',7),(861,'-34.922630874186474','-57.909080234239816',7),(862,'-34.92241966740318','-57.908136096666574',7),(863,'-34.92234926502128','-57.90727778978181',7),(864,'-34.92192684946152','-57.90624782152009',7),(865,'-34.92150443172746','-57.90564700670075',7),(866,'-34.921011608289625','-57.90521785325837',7),(867,'-34.92108201181906','-57.904960361192934',7),(868,'-34.92094120469976','-57.90418788499665',7),(869,'-34.92319408961771','-57.90178462571931',7),(870,'-34.92389810347083','-57.90118381089997',7),(871,'-34.92481331245014','-57.90075465745759',7),(872,'-34.92523571315161','-57.90058299608064',7),(873,'-34.92601010879018','-57.89981051988435',7),(874,'-34.92650290220948','-57.89895221299958',7),(875,'-34.927277285888565','-57.8970639378531',7),(876,'-34.92769967390572','-57.89517566270661',7),(877,'-34.92741808213587','-57.893888202379465',7),(878,'-34.92664369978565','-57.89268657274079',7),(879,'-34.92572851122178','-57.89182826585603',7),(880,'-34.92616108638542','-57.89095317944885',7),(881,'-34.92524589243857','-57.8896657191217',7),(882,'-34.92404908495206','-57.88846408948303',7),(883,'-34.92285226001005','-57.887090798467405',7),(884,'-34.9215850145752','-57.88571750745178',7),(885,'-34.92031774957147','-57.884086724370725',7),(886,'-34.91876884354785','-57.883056756109006',7),(887,'-34.91799437957418','-57.8827134333551',7),(888,'-34.916304614629425','-57.884859200567014',7),(889,'-34.91644542970348','-57.88640415295959',7),(890,'-34.917853567157444','-57.88717662915589',7),(891,'-34.918698438034035','-57.88794910535217',7),(892,'-34.91940249045431','-57.88854992017151',7),(893,'-34.920106536835','-57.89026653394104',7),(894,'-34.92074017341369','-57.89206897839905',7),(895,'-34.92109219162127','-57.892755623906865',7),(896,'-34.92144420831893','-57.89344226941468',7),(897,'-34.921514611477285','-57.89361393079163',7),(898,'-34.921514611477285','-57.894815560430295',7),(899,'-34.92045855776047','-57.89730465039612',7),(900,'-34.91996572804202','-57.89764797315003',7),(901,'-34.919332085484086','-57.897991295903935',7),(902,'-34.91848722113023','-57.89713298901917',7),(903,'-34.917923973396015','-57.89653217419983',7),(904,'-34.91736072179652','-57.89824878796936',7),(905,'-34.91672705912689','-57.8988496027887',7),(906,'-34.915741351917404','-57.89833461865784',7),(907,'-34.91496685937727','-57.897562142461545',7),(908,'-34.91398113103017','-57.896103020757444',7),(909,'-34.91334744227078','-57.89575969800354',7),(910,'-34.91200963882571','-57.898077126592405',7),(911,'-34.89947547409138','-57.9197064600885',7),(912,'-34.8969402418856','-57.92434131726624',7),(913,'-34.894616210289','-57.928804513067014',7),(914,'-34.89517961792595','-57.93034946545959',7),(915,'-34.89609514709447','-57.93129360303284',7),(916,'-34.89708109017214','-57.93240940198303',7),(917,'-34.897926174819645','-57.93318187817932',7),(918,'-34.899545896091155','-57.93515598401429',7),(919,'-34.900038848399085','-57.935756798833616',7);
/*!40000 ALTER TABLE `zone_coordinate` ENABLE KEYS */;
UNLOCK TABLES;
/*!40103 SET TIME_ZONE=@OLD_TIME_ZONE */;

/*!40101 SET SQL_MODE=@OLD_SQL_MODE */;
/*!40014 SET FOREIGN_KEY_CHECKS=@OLD_FOREIGN_KEY_CHECKS */;
/*!40014 SET UNIQUE_CHECKS=@OLD_UNIQUE_CHECKS */;
/*!40101 SET CHARACTER_SET_CLIENT=@OLD_CHARACTER_SET_CLIENT */;
/*!40101 SET CHARACTER_SET_RESULTS=@OLD_CHARACTER_SET_RESULTS */;
/*!40101 SET COLLATION_CONNECTION=@OLD_COLLATION_CONNECTION */;
/*!40111 SET SQL_NOTES=@OLD_SQL_NOTES */;

-- Dump completed on 2023-06-30 19:33:06
